name,1인가구,2인가구,3인 이상,주간인구지수,총생산,수준지수,계,음식,생활서비스,관광여가오락,스포츠,학문교육,숙박,핫플레이스여부,매장점수,총태그,총점,지표,운영,폐업,운영비
서교동,7519,3030,3308,119.3,2714.25,119.04,26104,9358,4767,1547,252,62,474,1,47,34,37.9,2,78,46,1.695652174
신사동(강남),2074,1857,2930,188,5097.18182,307.37,17623,4983,1826,896,118,36,287,1,17,38,31.7,2,94,49,1.918367347
역삼1동,10553,4542,3646,188,5097.18182,307.37,37277,21061,7662,4791,661,185,1213,1,29,13,17.8,2,86,45,1.911111111
종로1.2.3.4가동,2299,820,614,265.7,1035,480.48,8630,10974,3771,987,345,30,429,1,23,14,16.7,3,133,62,2.14516129
여의동,1724,3079,6107,146.1,3815.11111,188.23,34576,6461,3258,1119,94,87,282,1,22,10,13.6,3,117,52,2.25
신촌동,7649,1782,1846,111.2,1672,64.16,24810,8936,4460,986,276,44,399,1,30,6,13.2,1,110,51,2.156862745
청담동,2806,2746,5245,188,5097.18182,307.37,30132,5848,1554,1513,144,78,332,1,11,14,13.1,2,94,49,1.918367347
연남동,3465,2084,2600,119.3,2714.25,119.04,17051,1668,941,247,16,8,58,1,4,17,13.1,2,58,47,1.234042553
삼성1동,1142,1332,2663,188,5097.18182,307.37,14928,4301,1978,662,96,32,104,1,11,13,12.4,0,101,54,1.87037037
이태원1동,1328,804,924,127.4,2860.875,125.46,9086,3614,1520,258,50,6,48,1,2,13,9.7,3,122,61,2
합정동,3113,2207,2719,119.3,2714.25,119.04,19175,1568,819,301,24,2,54,1,3,12,9.3,2,84,49,1.714285714
명동,657,257,275,372.8,25444,1046.11,3497,5887,2705,853,141,12,102,1,23,3,9,3,141,56,2.517857143
신림동,9098,2181,1444,78.4,491.333333,28.28,22574,2000,690,385,156,16,64,1,27,1,8.8,2,103,49,2.102040816
역삼2동,3771,2754,6141,188,5097.18182,307.37,37211,3399,1225,762,56,54,181,1,29,0,8.7,2,92,46,2
성수1가1동,1833,1577,3022,109.6,2095.58824,97.65,17331,882,265,178,20,16,94,1,1,12,8.7,3,106,53,2
을지로동,589,209,114,372.8,25444,1046.11,2002,3188,708,696,40,18,37,1,9,7,7.6,3,158,64,2.46875
논현1동,6419,3068,2718,188,5097.18182,307.37,23810,6436,1997,1498,208,57,295,1,11,5,6.8,2,94,47,2
서강동,4341,2488,4357,119.3,2714.25,119.04,26240,2446,1102,378,43,18,192,1,2,8,6.2,2,80,46,1.739130435
가산동,6116,1866,2366,128.1,6032.4,165.29,24497,6860,1848,1109,124,48,272,1,20,0,6,2,79,46,1.717391304
상암동,2733,2498,6282,119.3,2714.25,119.04,32976,1666,952,204,18,12,154,1,20,0,6,2,61,43,1.418604651
영등포동,5550,1850,2055,146.1,3815.11111,188.23,27149,9629,2790,1277,246,40,342,1,8,5,5.9,3,121,57,2.122807018
신당동,1613,806,982,372.8,25444,1046.11,9336,5906,539,318,48,18,64,1,10,4,5.8,3,125,55,2.272727273
망원1동,3108,2453,3477,119.3,2714.25,119.04,21995,1165,569,206,24,4,48,1,3,7,5.8,2,84,49,1.714285714
대치1동,288,964,4605,188,5097.18182,307.37,25349,2926,686,392,67,36,921,1,9,4,5.5,0,104,52,2
송파1동,3697,2669,4351,95.8,1299.40741,96.16,26152,2053,751,486,70,22,187,1,6,5,5.3,2,101,47,2.14893617
소공동,263,122,132,372.8,25444,1046.11,3045,4666,1578,923,50,24,98,1,15,1,5.2,3,133,65,2.046153846
혜화동,4894,1745,2480,265.7,1035,480.48,20948,2128,1142,166,112,12,152,1,10,3,5.1,0,104,53,1.962264151
한남동,3843,2505,2741,127.4,2860.875,125.46,23600,3601,1724,520,115,38,116,1,3,6,5.1,0,95,52,1.826923077
서초1동,2678,1892,3455,140.7,3917.94444,193.3,21708,2820,807,775,78,24,187,1,12,2,5,3,116,52,2.230769231
문래동,2132,2664,6018,146.1,3815.11111,188.23,31961,2756,929,609,42,28,208,1,3,5,4.4,2,92,51,1.803921569
자양1동,3950,2269,3543,92.6,1084.86667,44.6,24229,1883,552,391,74,15,178,1,7,3,4.2,1,106,50,2.12
서초3동,3095,2748,4900,140.7,3917.94444,193.3,31067,7647,2012,3500,184,66,342,1,9,2,4.1,1,111,50,2.22
노량진1동,7270,3327,5698,89.1,847.133333,34.83,32603,1972,712,174,56,18,328,1,2,5,4.1,3,118,60,1.966666667
잠실본동,5036,3147,4599,95.8,1299.40741,96.16,29680,3073,1249,524,180,34,257,1,4,4,4,1,106,49,2.163265306
화양동,11126,2297,2043,92.6,1084.86667,44.6,25422,5405,2587,691,421,34,242,1,6,3,3.9,2,91,49,1.857142857
행당1동,2015,1467,2445,109.6,2095.58824,97.65,16659,1502,575,215,37,16,70,1,6,3,3.9,0,96,53,1.811320755
압구정동,1773,2665,4883,188,5097.18182,307.37,27767,7201,2460,1410,184,69,508,1,8,2,3.8,2,104,48,2.166666667
화곡본동,3871,3620,6273,86.7,936.8,51.35,36064,1098,356,200,42,2,130,1,8,2,3.8,1,110,51,2.156862745
논현2동,4063,2681,3239,188,5097.18182,307.37,22002,7011,2145,1858,183,96,240,1,12,0,3.6,2,95,47,2.021276596
삼성2동,3659,2724,5204,188,5097.18182,307.37,30362,2651,966,617,59,40,167,1,11,0,3.3,2,93,47,1.978723404
회기동,4030,1093,1443,108.6,1417.42857,54.39,13337,2018,1038,191,98,6,131,1,11,0,3.3,2,93,48,1.9375
이화동,1880,907,1194,265.7,1035,480.48,8566,1719,891,138,124,10,155,1,6,2,3.2,0,98,56,1.75
회현동,1174,575,594,372.8,25444,1046.11,5864,8214,1465,405,76,10,36,1,6,2,3.2,3,143,62,2.306451613
대림1동,1984,1559,2501,146.1,3815.11111,188.23,16499,913,348,132,24,6,62,1,6,2,3.2,1,121,49,2.469387755
도화동,2216,2193,3995,119.3,2714.25,119.04,22663,1656,647,353,36,20,94,1,8,1,3.1,0,103,54,1.907407407
가양1동,2204,1976,4556,86.7,936.8,51.35,34199,3414,1764,525,40,18,166,1,8,1,3.1,2,44,43,1.023255814
방이1동,1065,1233,3142,95.8,1299.40741,96.16,16515,1093,455,182,28,10,188,1,1,4,3.1,2,98,48,2.041666667
서초4동,1277,1896,5661,140.7,3917.94444,193.3,31886,4771,1825,1354,128,51,403,1,10,0,3,2,102,49,2.081632653
흑석동,5630,3213,5862,89.1,847.133333,34.83,35482,1313,545,226,24,22,123,1,10,0,3,3,109,59,1.847457627
공릉1동,5784,3865,6702,84.7,497.105263,25.89,39256,2385,911,502,75,22,157,0,5,2,2.9,0,102,51,2
사당1동,4615,2654,3364,89.1,847.133333,34.83,24139,1366,538,276,55,8,80,0,5,2,2.9,2,101,50,2.02
잠실4동,1064,2229,6252,95.8,1299.40741,96.16,22371,349,83,85,4,4,32,0,5,2,2.9,2,91,48,1.895833333
서초2동,1902,1857,3707,140.7,3917.94444,193.3,18675,2975,1170,642,84,38,196,0,9,0,2.7,2,101,47,2.14893617
대치4동,3779,2238,3149,188,5097.18182,307.37,20937,8663,2420,1420,276,106,1534,0,9,0,2.7,2,84,46,1.826086957
성수2가1동,2645,1839,3198,109.6,2095.58824,97.65,17979,1420,583,257,34,12,56,0,2,3,2.7,2,103,51,2.019607843
한강로동,2377,1842,1975,127.4,2860.875,125.46,19504,5650,1141,639,165,8,74,0,2,3,2.7,3,123,54,2.277777778
남영동,2403,793,719,127.4,2860.875,125.46,8521,1705,712,235,78,14,101,0,4,2,2.6,3,116,57,2.035087719
삼성동,2736,2809,4782,78.4,491.333333,28.28,25454,1311,332,234,10,4,127,0,4,2,2.6,3,128,59,2.169491525
사직동,1125,1006,1431,265.7,1035,480.48,9700,2411,1439,305,50,18,128,0,6,1,2.5,3,117,57,2.052631579
필동,1199,472,497,372.8,25444,1046.11,5054,1705,661,473,50,12,78,0,6,1,2.5,3,128,56,2.285714286
갈현1동,2438,2701,4388,74.6,517.3125,22.69,24768,2803,1300,379,176,14,182,0,6,1,2.5,2,99,50,1.98
동선동,4376,1691,2116,92.5,576.35,31.6,16460,2794,1067,507,93,34,218,0,6,1,2.5,2,97,50,1.94
자양2동,2525,2384,4987,92.6,1084.86667,44.6,27107,1431,342,353,46,36,240,0,8,0,2.4,1,106,51,2.078431373
신도림동,1759,2955,7690,105.2,1801.53333,74.07,37392,2541,785,541,30,28,306,0,8,0,2.4,2,88,48,1.833333333
구로1동,1149,1737,4583,105.2,1801.53333,74.07,22120,873,218,152,14,8,132,0,8,0,2.4,3,116,53,2.188679245
구로3동,6118,2503,3927,105.2,1801.53333,74.07,26460,3735,1466,712,122,52,258,0,8,0,2.4,2,80,47,1.70212766
진관동,2197,3455,10607,74.6,517.3125,22.69,58038,3005,1145,379,24,10,462,0,1,3,2.4,2,61,45,1.355555556
신정1동,744,1109,3845,79.3,722.666667,35.65,21578,900,313,225,18,2,126,0,3,2,2.3,1,110,50,2.2
반포1동,4826,2333,5007,140.7,3917.94444,193.3,33139,1914,602,478,60,26,170,0,5,1,2.2,2,102,45,2.266666667
용강동,1893,2082,3873,119.3,2714.25,119.04,22403,1419,556,327,40,14,112,0,7,0,2.1,2,100,51,1.960784314
연희동,7219,4011,6040,111.2,1672,64.16,41358,1926,790,367,24,10,161,0,7,0,2.1,3,109,54,2.018518519
반포본동,265,841,2611,140.7,3917.94444,193.3,12106,1015,250,148,4,14,198,0,7,0,2.1,3,128,60,2.133333333
낙성대동,5449,1765,2048,78.4,491.333333,28.28,17736,1577,765,206,73,20,94,0,7,0,2.1,2,88,50,1.76
구로4동,3318,2892,3871,105.2,1801.53333,74.07,26504,2280,761,400,80,11,140,0,7,0,2.1,1,109,48,2.270833333
삼청동,363,296,433,265.7,1035,480.48,3013,1363,661,68,46,2,56,0,0,3,2.1,0,91,54,1.685185185
왕십리도선동,2292,1862,3466,109.6,2095.58824,97.65,27878,2145,911,396,72,6,131,0,0,3,2.1,0,82,53,1.547169811
신사1동,2089,2624,5232,74.6,517.3125,22.69,28658,905,292,194,42,8,120,0,0,3,2.1,2,102,49,2.081632653
신사동(관악),5321,2452,3387,78.4,491.333333,28.28,26161,4983,1826,896,118,36,287,0,2,2,2,2,93,48,1.9375
보라매동,3576,2672,4207,78.4,491.333333,28.28,26688,2085,537,352,49,12,132,0,2,2,2,0,99,52,1.903846154
공덕동,4435,3988,6422,119.3,2714.25,119.04,40603,1192,381,301,38,8,106,0,4,1,1.9,3,113,56,2.017857143
신길1동,4069,2139,2871,146.1,3815.11111,188.23,19730,1121,359,215,61,0,87,0,4,1,1.9,3,125,54,2.314814815
천호1동,3213,2919,5042,83.6,948.388889,46.79,28623,1172,389,295,18,12,102,0,4,1,1.9,2,101,49,2.06122449
광희동,1133,561,572,372.8,25444,1046.11,6221,5009,1140,914,54,20,64,0,4,1,1.9,3,135,54,2.5
충현동,2766,1890,2945,111.2,1672,64.16,18242,2695,1187,414,44,24,188,0,6,0,1.8,3,118,59,2
가양2동,2817,2252,2413,86.7,936.8,51.35,15301,674,204,142,26,16,30,0,6,0,1.8,2,102,50,2.04
잠원동,3127,2912,6057,140.7,3917.94444,193.3,34953,2529,984,507,86,46,260,0,6,0,1.8,1,107,50,2.14
방배본동,1475,1606,4060,140.7,3917.94444,193.3,21471,2167,661,436,57,30,191,0,6,0,1.8,1,112,49,2.285714286
군자동,5696,2128,3022,92.6,1084.86667,44.6,22142,3900,1233,714,193,52,274,0,6,0,1.8,2,104,51,2.039215686
이문1동,7966,3001,4260,108.6,1417.42857,54.39,22622,2359,971,387,98,26,152,0,6,0,1.8,3,115,56,2.053571429
구로5동,4317,3154,5199,105.2,1801.53333,74.07,33690,2659,908,454,76,24,172,0,6,0,1.8,2,97,49,1.979591837
묵1동,2549,3009,6576,78.3,623,27.32,36063,1271,439,280,28,8,118,0,1,2,1.7,2,94,51,1.843137255
양재1동,3689,4066,8427,140.7,3917.94444,193.3,46022,2858,1198,550,88,46,242,0,3,1,1.6,2,99,50,1.98
수유1동,2664,2306,3755,79.5,684.846154,24.4,21961,6,2,2,0,0,0,0,3,1,1.6,3,115,52,2.211538462
석촌동,5077,3644,5520,95.8,1299.40741,96.16,34278,2098,761,424,92,22,207,0,3,1,1.6,2,103,48,2.145833333
장안1동,3841,3275,6559,108.6,1417.42857,54.39,39351,3853,1022,848,94,26,218,0,3,1,1.6,1,108,48,2.25
양재2동,3428,2371,3603,140.7,3917.94444,193.3,23250,3276,1315,536,120,22,156,0,5,0,1.5,1,116,48,2.416666667
미아동,3486,2439,3700,79.5,684.846154,24.4,22987,1303,522,268,36,2,62,0,5,0,1.5,2,99,48,2.0625
노량진2동,2949,1584,2013,89.1,847.133333,34.83,13954,820,311,99,32,8,96,0,5,0,1.5,3,111,56,1.982142857
청파동,4393,2144,3030,127.4,2860.875,125.46,20715,1366,499,234,20,8,112,0,5,0,1.5,3,115,53,2.169811321
자양3동,1755,2317,5995,92.6,1084.86667,44.6,29577,3406,982,570,62,68,514,0,5,0,1.5,0,97,51,1.901960784
자양4동,4558,2425,3448,92.6,1084.86667,44.6,23368,3464,1103,612,160,26,191,0,5,0,1.5,2,101,51,1.980392157
안암동,5492,1563,2064,92.5,576.35,31.6,17877,2213,1016,287,58,12,152,0,5,0,1.5,0,98,54,1.814814815
숭인1동,931,734,1075,265.7,1035,480.48,6613,514,170,86,6,2,32,0,0,2,1.4,3,119,57,2.087719298
정릉1동,1527,1597,3645,92.5,576.35,31.6,19484,1038,260,219,18,20,138,0,0,2,1.4,0,105,53,1.981132075
방학1동,2977,3082,5557,77.4,593.5,22.77,30344,2365,891,419,78,28,154,0,0,2,1.4,2,97,47,2.063829787
대방동,4042,3270,7148,89.1,847.133333,34.83,40244,2313,565,455,42,26,411,0,0,2,1.4,0,104,52,2
상계1동,2811,3522,8174,84.7,497.105263,25.89,40359,2257,754,469,60,12,247,0,2,1,1.3,2,92,48,1.916666667
후암동,2411,1850,2923,127.4,2860.875,125.46,18547,717,266,120,8,8,74,0,2,1,1.3,3,106,61,1.737704918
아현동,2325,2889,4993,119.3,2714.25,119.04,25391,1471,591,277,8,6,77,0,4,0,1.2,3,105,52,2.019230769
인헌동,5732,2897,4210,78.4,491.333333,28.28,27200,1512,446,267,54,14,158,0,4,0,1.2,0,102,52,1.961538462
송파2동,859,1530,4413,95.8,1299.40741,96.16,20889,693,209,151,6,12,147,0,4,0,1.2,2,101,48,2.104166667
문정2동,2129,1557,3074,95.8,1299.40741,96.16,30038,3743,1681,548,20,12,67,0,4,0,1.2,2,61,38,1.605263158
성내1동,1404,1560,3722,83.6,948.388889,46.79,20648,1467,566,295,30,22,130,0,4,0,1.2,2,101,49,2.06122449
월곡1동,1911,2349,5395,92.5,576.35,31.6,27698,1420,404,282,8,16,145,0,4,0,1.2,1,116,50,2.32
공릉2동,3903,3323,8529,84.7,497.105263,25.89,41184,1710,677,275,76,28,216,0,4,0,1.2,2,93,51,1.823529412
남가좌1동,340,334,617,111.2,1672,64.16,17029,669,278,71,8,2,14,0,4,0,1.2,3,123,62,1.983870968
남가좌2동,4073,2737,4617,111.2,1672,64.16,25729,1150,488,206,27,14,71,0,4,0,1.2,3,107,53,2.018867925
사당3동,2136,2360,4347,89.1,847.133333,34.83,26276,934,249,206,23,6,118,0,4,0,1.2,3,107,53,2.018867925
사당4동,1713,1650,2544,89.1,847.133333,34.83,14902,663,180,145,16,2,42,0,4,0,1.2,1,110,51,2.156862745
잠실6동,546,1367,3496,95.8,1299.40741,96.16,17522,2527,1110,393,60,30,158,0,4,0,1.2,0,96,55,1.745454545
제기동,4542,2877,3952,108.6,1417.42857,54.39,27630,4783,1082,474,40,20,162,0,4,0,1.2,3,137,63,2.174603175
이문2동,2182,2009,4124,108.6,1417.42857,54.39,21273,925,266,166,18,6,116,0,4,0,1.2,3,117,56,2.089285714
대림2동,2130,1727,2234,146.1,3815.11111,188.23,21705,1254,514,234,48,0,40,0,4,0,1.2,2,95,45,2.111111111
대림3동,2798,2621,4627,146.1,3815.11111,188.23,28879,1673,563,333,75,12,160,0,4,0,1.2,2,101,46,2.195652174
행당2동,1405,2262,5060,109.6,2095.58824,97.65,24748,693,192,130,6,14,120,0,4,0,1.2,0,85,53,1.603773585
갈현2동,2322,2888,5410,74.6,517.3125,22.69,30235,2609,983,381,66,18,295,0,4,0,1.2,2,91,49,1.857142857
평창동,1252,1709,3349,265.7,1035,480.48,18830,1305,452,190,38,22,134,0,1,1,1,3,112,59,1.898305085
장충동,1403,597,675,372.8,25444,1046.11,5628,1051,370,197,30,14,40,0,1,1,1,3,125,60,2.083333333
쌍문1동,1966,2111,4036,77.4,593.5,22.77,22528,1137,348,182,16,8,143,0,1,1,1,2,100,50,2
대조동,4677,3717,5063,74.6,517.3125,22.69,29784,3087,1222,403,72,14,153,0,1,1,1,2,102,51,2
발산1동,1627,2791,8260,86.7,936.8,51.35,38559,2123,718,317,60,20,306,0,1,1,1,2,83,51,1.62745098
고척1동,1904,2177,4802,105.2,1801.53333,74.07,24293,1256,568,193,62,16,82,0,1,1,1,3,106,52,2.038461538
당산1동,3064,2202,3266,146.1,3815.11111,188.23,21509,2433,816,551,72,18,114,0,1,1,1,1,107,49,2.183673469
수서동,2412,2340,2196,188,5097.18182,307.37,16065,1622,527,337,24,22,135,0,1,1,1,3,106,55,1.927272727
구의1동,4587,2359,3363,92.6,1084.86667,44.6,23126,2971,907,700,164,24,194,0,3,0,0.9,1,107,49,2.183673469
구의2동,2474,2371,4513,92.6,1084.86667,44.6,28032,2632,749,433,134,26,289,0,3,0,0.9,0,104,56,1.857142857
구의3동,2445,2487,5499,92.6,1084.86667,44.6,30179,3324,883,517,144,86,427,0,3,0,0.9,3,112,54,2.074074074
신수동,2922,1930,3398,119.3,2714.25,119.04,22514,951,306,231,16,2,89,0,3,0,0.9,3,105,54,1.944444444
영등포본동,2828,2243,4047,146.1,3815.11111,188.23,24989,2378,610,196,62,6,104,0,3,0,0.9,0,102,54,1.888888889
방배1동,1914,1693,2873,140.7,3917.94444,193.3,17559,2177,644,467,86,24,242,0,3,0,0.9,1,106,51,2.078431373
방배2동,2594,2689,4828,140.7,3917.94444,193.3,21135,2399,815,513,72,16,197,0,3,0,0.9,0,102,53,1.924528302
방배3동,1359,2079,4428,140.7,3917.94444,193.3,22489,1433,290,376,18,18,191,0,3,0,0.9,3,126,53,2.377358491
월계1동,3236,2102,3934,84.7,497.105263,25.89,24044,1748,698,265,68,18,129,0,3,0,0.9,0,103,53,1.943396226
중계본동,1026,1639,5829,84.7,497.105263,25.89,26161,1472,399,239,26,40,362,0,3,0,0.9,2,89,49,1.816326531
등촌1동,3827,1990,3575,86.7,936.8,51.35,23720,2241,665,408,58,44,134,0,3,0,0.9,2,89,51,1.745098039
청림동,1284,1611,3175,78.4,491.333333,28.28,16331,517,116,120,10,10,94,0,3,0,0.9,3,106,56,1.892857143
남현동,2917,2038,2750,78.4,491.333333,28.28,19032,1253,453,226,56,12,114,0,3,0,0.9,3,106,53,2
가락본동,2603,2467,5157,95.8,1299.40741,96.16,27910,2179,931,370,178,22,111,0,3,0,0.9,2,95,46,2.065217391
문정1동,1535,1800,4122,95.8,1299.40741,96.16,21380,1418,377,279,43,18,116,0,3,0,0.9,2,102,49,2.081632653
천호3동,3830,2840,3936,83.6,948.388889,46.79,28294,2701,862,430,103,16,88,0,3,0,0.9,1,106,48,2.208333333
독산1동,5671,2934,4871,128.1,6032.4,165.29,43529,2693,723,501,52,20,204,0,3,0,0.9,0,93,53,1.754716981
독산2동,2742,2105,3753,128.1,6032.4,165.29,21602,1122,290,261,44,10,112,0,3,0,0.9,1,108,51,2.117647059
독산3동,3592,2781,4452,128.1,6032.4,165.29,30152,1626,529,323,36,12,98,0,3,0,0.9,1,115,47,2.446808511
신대방1동,2296,2045,4668,89.1,847.133333,34.83,26747,944,282,196,28,12,101,0,3,0,0.9,1,113,50,2.26
청운효자동,1232,1258,2430,265.7,1035,480.48,13090,1213,519,159,22,2,83,0,0,1,0.7,0,96,59,1.627118644
원효로1동,1939,1503,2157,127.4,2860.875,125.46,16471,1878,533,302,70,6,86,0,0,1,0.7,3,118,52,2.269230769
금호4가동,1337,1515,2586,109.6,2095.58824,97.65,15283,1011,290,175,30,12,110,0,0,1,0.7,3,113,57,1.98245614
송정동,1977,1175,1830,109.6,2095.58824,97.65,11546,644,133,206,16,10,38,0,0,1,0.7,3,109,52,2.096153846
역촌동,3930,4801,8842,74.6,517.3125,22.69,48883,2221,816,490,34,16,235,0,0,1,0.7,2,96,49,1.959183673
일원본동,908,1612,5051,188,5097.18182,307.37,24469,794,220,144,10,8,144,0,0,1,0.7,2,104,49,2.12244898
풍납1동,2047,1744,3068,95.8,1299.40741,96.16,15697,668,230,150,20,2,48,0,0,1,0.7,3,126,54,2.333333333
상도1동,7160,4216,7989,89.1,847.133333,34.83,48372,1428,516,234,48,16,146,0,2,0,0.6,0,96,56,1.714285714
상도2동,3390,2391,4189,89.1,847.133333,34.83,29396,1872,448,326,54,26,250,0,2,0,0.6,3,118,56,2.107142857
이촌1동,1227,2265,4998,127.4,2860.875,125.46,29251,1769,608,238,16,22,154,0,2,0,0.6,3,139,64,2.171875
광장동,1411,2020,7682,92.6,1084.86667,44.6,36180,2704,747,442,80,54,346,0,2,0,0.6,0,92,53,1.735849057
길음1동,1636,2655,7689,92.5,576.35,31.6,37263,2117,592,304,42,5,294,0,2,0,0.6,3,117,57,2.052631579
번1동,3723,2164,3037,79.5,684.846154,24.4,19815,4,0,3,0,0,0,0,2,0,0.6,2,100,46,2.173913043
번2동,1635,2114,3206,79.5,684.846154,24.4,17307,1,0,0,0,0,0,0,2,0,0.6,0,101,53,1.905660377
월계3동,2505,3384,6511,84.7,497.105263,25.89,31904,1004,226,192,10,24,168,0,2,0,0.6,1,105,50,2.1
상계2동,2073,1720,4155,84.7,497.105263,25.89,21358,2626,1112,446,112,20,146,0,2,0,0.6,2,91,46,1.97826087
상계3.4동,3633,3573,6036,84.7,497.105263,25.89,25946,1622,466,321,42,12,142,0,2,0,0.6,3,116,56,2.071428571
응암1동,3527,3278,5415,74.6,517.3125,22.69,25747,1981,705,370,40,24,214,0,2,0,0.6,3,108,53,2.037735849
북아현동,1485,1037,1553,111.2,1672,64.16,17607,1211,356,209,10,10,88,0,2,0,0.6,3,126,62,2.032258065
대흥동,3990,1621,1556,119.3,2714.25,119.04,13776,2155,719,386,66,34,189,0,2,0,0.6,3,112,54,2.074074074
목1동,1121,1870,6983,79.3,722.666667,35.65,32111,4343,1432,735,128,70,563,0,2,0,0.6,2,88,49,1.795918367
목2동,2638,2778,5729,79.3,722.666667,35.65,31501,956,307,212,32,10,116,0,2,0,0.6,0,102,52,1.961538462
목3동,2095,2121,3913,79.3,722.666667,35.65,23145,1055,323,258,44,10,103,0,2,0,0.6,2,103,51,2.019607843
염창동,1767,2796,8678,86.7,936.8,51.35,42478,1630,443,328,45,32,272,0,2,0,0.6,0,103,53,1.943396226
등촌3동,3640,3991,6047,86.7,936.8,51.35,32715,3503,1032,483,100,48,403,0,2,0,0.6,2,85,47,1.808510638
화곡2동,1834,1935,3570,86.7,936.8,51.35,19655,631,112,137,18,2,87,0,2,0,0.6,1,105,47,2.234042553
가양3동,2269,2362,2802,86.7,936.8,51.35,16277,563,144,120,0,4,72,0,2,0,0.6,2,97,51,1.901960784
공항동,3432,2173,3054,86.7,936.8,51.35,28336,1622,631,373,50,16,74,0,2,0,0.6,2,97,48,2.020833333
화곡1동,7385,5622,8418,86.7,936.8,51.35,54681,2208,810,455,114,24,135,0,2,0,0.6,2,102,48,2.125
행운동,7456,3242,3978,78.4,491.333333,28.28,30276,1743,501,384,38,12,174,0,2,0,0.6,3,111,51,2.176470588
반포2동,499,1127,3966,140.7,3917.94444,193.3,16381,947,244,157,8,20,206,0,2,0,0.6,3,114,65,1.753846154
방배4동,2407,2288,4600,140.7,3917.94444,193.3,24278,2945,720,823,61,44,293,0,2,0,0.6,3,115,53,2.169811321
내곡동,1123,1675,3285,140.7,3917.94444,193.3,18545,1132,276,138,20,8,61,0,2,0,0.6,0,98,58,1.689655172
도곡1동,1651,1727,4203,188,5097.18182,307.37,22618,2138,562,433,44,43,216,0,2,0,0.6,2,103,49,2.102040816
도곡2동,1435,2586,6814,188,5097.18182,307.37,34385,3208,994,621,58,42,354,0,2,0,0.6,2,103,51,2.019607843
오륜동,288,1094,4157,95.8,1299.40741,96.16,18917,414,106,47,14,40,30,0,2,0,0.6,3,130,63,2.063492063
종로5.6가동,1100,597,676,265.7,1035,480.48,5717,3787,950,334,54,16,83,0,2,0,0.6,3,134,62,2.161290323
중림동,1322,914,1305,372.8,25444,1046.11,13007,892,333,150,14,6,48,0,2,0,0.6,3,108,59,1.830508475
용문동,1098,1285,2243,127.4,2860.875,125.46,12649,677,201,127,10,2,48,0,2,0,0.6,3,114,53,2.150943396
왕십리2동,1776,1432,2836,109.6,2095.58824,97.65,17953,1049,211,230,38,4,144,0,2,0,0.6,0,102,54,1.888888889
성수2가3동,1701,1144,1874,109.6,2095.58824,97.65,11725,2120,802,459,70,26,58,0,2,0,0.6,0,87,53,1.641509434
능동,2796,1278,1533,92.6,1084.86667,44.6,11867,2038,546,341,98,22,137,0,2,0,0.6,0,94,52,1.807692308
청량리동,3060,2511,3562,108.6,1417.42857,54.39,22035,1772,598,339,56,16,104,0,2,0,0.6,3,147,58,2.534482759
수유2동,1978,2336,3942,79.5,684.846154,24.4,22021,4,0,4,0,0,0,0,2,0,0.6,2,100,50,2
화곡6동,2624,2474,4455,86.7,936.8,51.35,24930,3362,1337,615,239,41,162,0,2,0,0.6,2,95,45,2.111111111
가리봉동,2303,1337,1389,105.2,1801.53333,74.07,15518,1387,502,233,110,4,62,0,2,0,0.6,1,118,51,2.31372549
당산2동,5472,3140,5778,146.1,3815.11111,188.23,36238,1959,639,447,64,36,163,0,2,0,0.6,2,95,51,1.862745098
양평2동,2189,1784,3978,146.1,3815.11111,188.23,22886,2627,820,713,62,25,172,0,2,0,0.6,2,99,50,1.98
신길3동,1823,1482,2589,146.1,3815.11111,188.23,18703,953,292,185,34,6,53,0,2,0,0.6,3,130,58,2.24137931
신길4동,1389,1241,1940,146.1,3815.11111,188.23,10082,364,128,88,6,0,34,0,2,0,0.6,3,113,54,2.092592593
신길5동,1837,1559,2376,146.1,3815.11111,188.23,10858,513,136,99,24,2,32,0,2,0,0.6,3,111,53,2.094339623
중앙동,3767,1659,1915,78.4,491.333333,28.28,15782,1212,379,300,35,12,72,0,2,0,0.6,2,104,51,2.039215686
은천동,4181,3498,6284,78.4,491.333333,28.28,35505,2077,522,424,52,28,272,0,2,0,0.6,1,105,50,2.1
성현동,2400,3105,6366,78.4,491.333333,28.28,32323,906,185,189,22,12,212,0,2,0,0.6,2,102,48,2.125
청룡동,9221,3042,3503,78.4,491.333333,28.28,33607,2166,634,411,72,21,180,0,2,0,0.6,1,105,50,2.1
성내2동,3945,2794,3980,83.6,948.388889,46.79,25300,2595,918,616,102,22,157,0,2,0,0.6,2,101,47,2.14893617
천호2동,5212,3940,5701,83.6,948.388889,46.79,36078,4337,1500,631,122,20,200,0,2,0,0.6,2,103,51,2.019607843
장안2동,2668,2621,5980,108.6,1417.42857,54.39,31930,3549,1055,560,104,40,385,0,2,0,0.6,1,106,47,2.255319149
중화1동,1675,2079,3850,78.3,623,27.32,21001,1140,228,289,10,6,160,0,2,0,0.6,0,105,51,2.058823529
중화2동,4774,3181,4279,78.3,623,27.32,27994,2210,722,428,74,8,82,0,2,0,0.6,1,110,49,2.244897959
월곡2동,2736,1857,3654,92.5,576.35,31.6,20571,1193,416,226,32,4,98,0,2,0,0.6,0,104,53,1.962264151
불광1동,3669,4328,7460,74.6,517.3125,22.69,41048,1234,453,222,31,18,114,0,2,0,0.6,0,104,54,1.925925926
불광2동,3318,3244,4732,74.6,517.3125,22.69,29576,2451,784,431,53,20,214,0,2,0,0.6,3,108,54,2
홍은1동,2163,2312,4363,111.2,1672,64.16,22758,1141,371,203,12,10,116,0,2,0,0.6,3,117,57,2.052631579
홍은2동,3080,2886,5219,111.2,1672,64.16,28402,1281,498,186,30,18,142,0,2,0,0.6,3,111,56,1.982142857
망원2동,1866,1942,3719,119.3,2714.25,119.04,19270,1023,366,223,20,12,89,0,2,0,0.6,2,97,47,2.063829787
독산4동,2334,1723,3043,128.1,6032.4,165.29,18444,930,340,194,32,10,70,0,2,0,0.6,1,107,50,2.14
사당5동,1524,1363,2370,89.1,847.133333,34.83,12957,507,114,130,10,2,64,0,2,0,0.6,3,108,52,2.076923077
신대방2동,2431,1810,3703,89.1,847.133333,34.83,20726,1078,378,227,44,12,112,0,2,0,0.6,3,109,52,2.096153846
상도3동,3017,2383,4290,89.1,847.133333,34.83,26111,1029,289,207,32,10,90,0,1,0,0.3,3,106,52,2.038461538
가회동,590,507,746,265.7,1035,480.48,4487,1160,489,123,46,4,58,0,1,0,0.3,0,105,59,1.779661017
창신1동,1029,641,792,265.7,1035,480.48,6098,1405,358,137,28,6,56,0,1,0,0.3,3,115,54,2.12962963
용산2가동,1711,1348,1761,127.4,2860.875,125.46,11831,727,319,119,24,2,40,0,1,0,0.3,2,84,50,1.68
이촌2동,684,1088,1598,127.4,2860.875,125.46,9025,347,104,89,2,2,20,0,1,0,0.3,3,141,71,1.985915493
사근동,4322,1198,1456,109.6,2095.58824,97.65,13630,1424,799,154,56,8,92,0,1,0,0.3,0,87,55,1.581818182
성수1가2동,2522,1766,2791,109.6,2095.58824,97.65,15084,1378,591,233,52,8,87,0,1,0,0.3,0,84,53,1.58490566
답십리1동,3042,2323,4520,108.6,1417.42857,54.39,29939,1407,414,222,44,8,110,0,1,0,0.3,0,104,53,1.962264151
면목2동,3369,2745,4589,78.3,623,27.32,26156,1504,402,378,42,4,120,0,1,0,0.3,1,110,48,2.291666667
상봉1동,1748,2062,5112,78.3,623,27.32,25629,689,234,150,14,2,68,0,1,0,0.3,2,90,48,1.875
망우본동,3820,3329,5625,78.3,623,27.32,31251,3457,1012,729,118,24,194,0,1,0,0.3,1,113,50,2.26
성북동,2569,1817,2640,92.5,576.35,31.6,17671,1428,558,202,28,12,150,0,1,0,0.3,0,104,63,1.650793651
종암동,4419,3608,7592,92.5,576.35,31.6,42391,2431,644,472,74,28,313,0,1,0,0.3,3,110,56,1.964285714
삼양동,2836,2990,5095,79.5,684.846154,24.4,25776,740,244,121,16,6,106,0,1,0,0.3,3,111,52,2.134615385
송중동,3626,3077,5151,79.5,684.846154,24.4,29000,2607,917,460,72,26,161,0,1,0,0.3,2,98,50,1.96
창1동,2411,2649,5082,77.4,593.5,22.77,26438,919,264,191,30,8,116,0,1,0,0.3,2,95,50,1.9
창2동,2219,2931,5796,77.4,593.5,22.77,30723,1600,424,318,28,12,170,0,1,0,0.3,2,96,51,1.882352941
창3동,1695,1597,2745,77.4,593.5,22.77,14923,1329,444,216,24,4,102,0,1,0,0.3,3,105,52,2.019230769
도봉1동,2424,2691,3763,77.4,593.5,22.77,22431,1665,733,230,56,12,88,0,1,0,0.3,3,110,52,2.115384615
월계2동,2947,3107,5083,84.7,497.105263,25.89,26209,932,276,170,18,8,114,0,1,0,0.3,0,105,55,1.909090909
하계1동,2420,2523,5579,84.7,497.105263,25.89,29814,903,354,129,8,12,103,0,1,0,0.3,3,105,53,1.981132075
중계1동,811,1482,6477,84.7,497.105263,25.89,28152,937,231,143,12,8,284,0,1,0,0.3,2,95,50,1.9
상계5동,2307,2443,4528,84.7,497.105263,25.89,25704,1210,388,264,32,10,136,0,1,0,0.3,1,106,49,2.163265306
상계8동,1349,2276,5264,84.7,497.105263,25.89,24086,694,169,80,6,12,170,0,1,0,0.3,3,108,58,1.862068966
상계9동,1297,2005,4768,84.7,497.105263,25.89,22002,442,104,66,12,2,118,0,1,0,0.3,1,114,51,2.235294118
상계10동,1364,1959,3692,84.7,497.105263,25.89,16736,439,76,112,12,2,109,0,1,0,0.3,2,99,50,1.98
상계6.7동,2814,3217,6736,84.7,497.105263,25.89,34834,2095,655,377,58,40,313,0,1,0,0.3,2,102,48,2.125
구산동,1845,2906,6110,74.6,517.3125,22.69,33843,1265,361,314,8,10,178,0,1,0,0.3,0,98,53,1.849056604
홍제1동,2215,2431,4175,111.2,1672,64.16,25045,1008,353,173,28,6,126,0,1,0,0.3,3,116,56,2.071428571
염리동,2422,1516,2248,119.3,2714.25,119.04,13533,693,267,148,14,0,66,0,1,0,0.3,3,108,56,1.928571429
신월1동,2864,2400,3983,79.3,722.666667,35.65,21976,1102,368,250,30,2,94,0,1,0,0.3,1,110,48,2.291666667
신월2동,1425,2080,4369,79.3,722.666667,35.65,22427,676,166,153,12,8,110,0,1,0,0.3,1,115,50,2.3
등촌2동,1496,1859,4102,86.7,936.8,51.35,21922,573,194,119,10,2,84,0,1,0,0.3,1,108,47,2.29787234
방화1동,2875,3482,8213,86.7,936.8,51.35,45847,1852,660,395,62,22,154,0,1,0,0.3,2,96,49,1.959183673
방화2동,3295,2644,3954,86.7,936.8,51.35,24203,2140,557,412,66,12,90,0,1,0,0.3,0,99,52,1.903846154
오류1동,2831,2188,3553,105.2,1801.53333,74.07,23025,1219,374,223,44,14,110,0,1,0,0.3,3,111,55,2.018181818
시흥1동,3864,3497,6223,128.1,6032.4,165.29,37034,3349,1144,544,156,26,258,0,1,0,0.3,3,110,53,2.075471698
양평1동,2366,1825,2780,146.1,3815.11111,188.23,18251,2302,729,494,33,12,128,0,1,0,0.3,1,106,51,2.078431373
사당2동,2706,3117,5319,89.1,847.133333,34.83,28471,1900,652,317,70,26,118,0,1,0,0.3,0,104,52,2
반포3동,759,1430,4167,140.7,3917.94444,193.3,20324,1789,427,277,28,28,309,0,1,0,0.3,3,113,59,1.915254237
개포1동,1748,2067,3901,188,5097.18182,307.37,7028,303,46,70,0,4,54,0,1,0,0.3,3,114,66,1.727272727
개포4동,2408,2041,3805,188,5097.18182,307.37,18485,1233,462,249,26,28,110,0,1,0,0.3,1,115,49,2.346938776
일원1동,2186,1785,2885,188,5097.18182,307.37,16556,834,306,148,46,12,68,0,1,0,0.3,3,109,52,2.096153846
개포2동,2194,2506,5381,188,5097.18182,307.37,19915,1445,408,220,46,24,378,0,1,0,0.3,3,115,56,2.053571429
방이2동,4047,2701,4063,95.8,1299.40741,96.16,26209,2650,1117,509,131,26,153,0,1,0,0.3,2,99,49,2.020408163
가락1동,20,48,141,95.8,1299.40741,96.16,27207,636,190,23,0,0,12,0,1,0,0.3,0,92,68,1.352941176
장지동,2257,3040,6848,95.8,1299.40741,96.16,34113,1349,417,229,34,20,218,0,1,0,0.3,2,91,47,1.936170213
잠실7동,291,866,2015,95.8,1299.40741,96.16,10244,331,70,58,4,6,27,0,1,0,0.3,3,140,71,1.971830986
명일1동,1322,1662,4677,83.6,948.388889,46.79,26212,1926,626,319,78,60,218,0,1,0,0.3,1,107,49,2.183673469
둔촌1동,552,1338,3975,83.6,948.388889,46.79,287,190,28,34,0,6,22,0,1,0,0.3,3,150,70,2.142857143
길동,5141,4738,9160,83.6,948.388889,46.79,46720,5428,1621,1115,206,66,542,0,1,0,0.3,2,100,46,2.173913043
상도4동,3075,2907,5252,89.1,847.133333,34.83,30107,933,287,205,22,0,140,0,0,0,0,3,110,53,2.075471698
부암동,995,1082,1764,265.7,1035,480.48,10525,921,391,128,28,4,102,0,0,0,0,0,100,58,1.724137931
무악동,508,698,1617,265.7,1035,480.48,8745,482,136,83,6,6,72,0,0,0,0,3,109,67,1.626865672
교남동,653,523,708,265.7,1035,480.48,10779,753,313,113,16,3,46,0,0,0,0,3,130,63,2.063492063
창신2동,1211,997,1566,265.7,1035,480.48,9825,452,182,55,24,0,24,0,0,0,0,3,137,63,2.174603175
창신3동,508,714,1413,265.7,1035,480.48,7322,216,54,34,0,2,28,0,0,0,0,3,105,57,1.842105263
숭인2동,2206,1080,1192,265.7,1035,480.48,9972,1276,351,174,32,2,82,0,0,0,0,1,120,47,2.553191489
신당5동,1492,1041,1610,372.8,25444,1046.11,10846,847,338,187,24,10,31,0,0,0,0,3,108,55,1.963636364
황학동,2128,1360,1813,372.8,25444,1046.11,13669,946,288,70,20,4,10,0,0,0,0,3,129,65,1.984615385
다산동,2000,1681,2422,372.8,25444,1046.11,15075,1499,440,314,56,12,100,0,0,0,0,3,107,56,1.910714286
약수동,1887,2111,3120,372.8,25444,1046.11,17760,1199,334,233,41,14,131,0,0,0,0,3,111,57,1.947368421
청구동,1613,1570,2564,372.8,25444,1046.11,14595,860,230,160,22,14,120,0,0,0,0,0,103,51,2.019607843
동화동,688,881,2205,372.8,25444,1046.11,11064,662,187,132,26,2,74,0,0,0,0,3,109,52,2.096153846
원효로2동,1290,1354,2774,127.4,2860.875,125.46,14779,917,175,213,28,0,81,0,0,0,0,1,118,50,2.36
효창동,804,946,1680,127.4,2860.875,125.46,10179,397,106,54,4,4,52,0,0,0,0,3,110,62,1.774193548
이태원2동,1599,1139,1320,127.4,2860.875,125.46,10812,1466,809,182,28,16,58,0,0,0,0,2,86,49,1.755102041
서빙고동,1036,1157,2348,127.4,2860.875,125.46,14122,619,159,120,12,4,44,0,0,0,0,3,124,62,2
보광동,2882,1753,2317,127.4,2860.875,125.46,15897,1007,300,227,22,6,70,0,0,0,0,3,111,53,2.094339623
마장동,2997,2243,4174,109.6,2095.58824,97.65,24137,1466,368,188,34,4,80,0,0,0,0,3,122,56,2.178571429
응봉동,864,1404,3304,109.6,2095.58824,97.65,16228,424,79,86,4,12,86,0,0,0,0,3,110,58,1.896551724
금호1가동,1091,1288,2497,109.6,2095.58824,97.65,15974,676,134,145,14,14,120,0,0,0,0,3,109,54,2.018518519
용답동,2699,1642,2436,109.6,2095.58824,97.65,13572,2023,505,536,38,18,86,0,0,0,0,3,123,55,2.236363636
금호2.3가동,1921,2217,4050,109.6,2095.58824,97.65,24299,1481,460,277,24,10,117,0,0,0,0,3,107,59,1.813559322
옥수동,1862,2384,4020,109.6,2095.58824,97.65,27264,1371,382,312,16,18,226,0,0,0,0,0,93,51,1.823529412
중곡1동,2490,1823,2436,92.6,1084.86667,44.6,16420,2960,914,455,94,24,123,0,0,0,0,1,107,50,2.14
중곡2동,2870,2244,3716,92.6,1084.86667,44.6,22635,3789,938,794,156,43,336,0,0,0,0,2,100,49,2.040816327
중곡3동,2478,1822,2929,92.6,1084.86667,44.6,17492,1087,362,222,30,2,80,0,0,0,0,2,101,49,2.06122449
중곡4동,3049,2888,5687,92.6,1084.86667,44.6,30561,3264,843,558,120,32,290,0,0,0,0,3,108,52,2.076923077
휘경1동,3395,1512,2047,108.6,1417.42857,54.39,16537,1460,568,206,35,16,111,0,0,0,0,3,107,52,2.057692308
휘경2동,3616,2202,4405,108.6,1417.42857,54.39,25176,1237,364,186,30,12,147,0,0,0,0,2,96,51,1.882352941
용신동,5803,3356,4495,108.6,1417.42857,54.39,32073,2887,940,473,86,20,168,0,0,0,0,1,114,51,2.235294118
전농1동,4986,2935,4898,108.6,1417.42857,54.39,31096,3768,1022,431,64,10,140,0,0,0,0,3,116,56,2.071428571
전농2동,1491,1783,3987,108.6,1417.42857,54.39,20341,1005,281,164,32,26,172,0,0,0,0,1,123,51,2.411764706
답십리2동,2262,2658,5405,108.6,1417.42857,54.39,30439,1446,275,321,37,12,97,0,0,0,0,3,117,54,2.166666667
면목4동,2292,2207,3796,78.3,623,27.32,20237,612,192,130,16,10,62,0,0,0,0,1,107,50,2.14
면목5동,1397,1230,1975,78.3,623,27.32,9876,764,198,149,26,8,34,0,0,0,0,1,115,51,2.254901961
면목7동,2839,2401,4062,78.3,623,27.32,21913,956,278,213,34,10,66,0,0,0,0,1,116,50,2.32
상봉2동,3707,2112,2560,78.3,623,27.32,19728,1664,717,197,122,10,44,0,0,0,0,1,107,49,2.183673469
묵2동,2390,1973,3296,78.3,623,27.32,20094,1279,389,271,42,8,118,0,0,0,0,2,103,49,2.102040816
망우3동,2216,1905,3029,78.3,623,27.32,18025,1098,344,218,20,20,128,0,0,0,0,2,104,47,2.212765957
신내1동,1610,2963,8414,78.3,623,27.32,40738,1370,463,257,34,18,222,0,0,0,0,2,97,50,1.94
신내2동,1771,2315,4448,78.3,623,27.32,22095,804,194,168,8,20,132,0,0,0,0,2,99,50,1.98
면목본동,5225,3793,5818,78.3,623,27.32,36247,1911,683,362,68,10,124,0,0,0,0,1,107,49,2.183673469
면목3.8동,3756,2944,4722,78.3,623,27.32,26729,1967,740,350,79,16,152,0,0,0,0,2,103,48,2.145833333
돈암1동,1273,1639,3105,92.5,576.35,31.6,16048,495,84,132,10,4,95,0,0,0,0,3,105,54,1.944444444
돈암2동,965,1717,4690,92.5,576.35,31.6,25076,185,32,23,2,2,50,0,0,0,0,1,106,47,2.255319149
보문동,2403,1436,2300,92.5,576.35,31.6,16839,1101,329,220,24,6,76,0,0,0,0,3,113,51,2.215686275
정릉2동,1948,2203,4525,92.5,576.35,31.6,23974,1183,339,213,20,18,138,0,0,0,0,3,115,60,1.916666667
정릉3동,2874,1681,2557,92.5,576.35,31.6,17388,1075,482,137,16,8,73,0,0,0,0,3,117,59,1.983050847
정릉4동,2195,2512,5068,92.5,576.35,31.6,26898,1270,385,216,28,4,144,0,0,0,0,3,106,56,1.892857143
길음2동,1666,1540,2859,92.5,576.35,31.6,16545,1947,520,240,54,16,130,0,0,0,0,0,101,56,1.803571429
장위1동,2012,2254,4132,92.5,576.35,31.6,20857,971,280,215,24,4,82,0,0,0,0,3,123,56,2.196428571
장위2동,1989,2128,3527,92.5,576.35,31.6,14207,1437,431,240,20,6,80,0,0,0,0,3,138,58,2.379310345
장위3동,1338,1387,2469,92.5,576.35,31.6,13710,752,164,164,8,4,80,0,0,0,0,3,123,65,1.892307692
삼선동,4382,2664,4345,92.5,576.35,31.6,26599,2564,890,406,62,32,234,0,0,0,0,0,105,53,1.981132075
석관동,4294,3465,6117,92.5,576.35,31.6,36558,2467,811,548,28,24,152,0,0,0,0,3,122,54,2.259259259
번3동,1479,2066,3698,79.5,684.846154,24.4,18506,1,0,0,0,0,0,0,0,0,0,1,109,49,2.224489796
수유3동,3877,2600,3556,79.5,684.846154,24.4,24277,14,3,10,0,0,0,0,0,0,0,2,100,47,2.127659574
송천동,3866,3119,4865,79.5,684.846154,24.4,28911,2139,819,427,40,18,122,0,0,0,0,3,110,54,2.037037037
삼각산동,1690,2554,6981,79.5,684.846154,24.4,33100,440,161,72,10,6,88,0,0,0,0,2,91,49,1.857142857
우이동,1844,2295,3678,79.5,684.846154,24.4,21401,1339,568,191,46,4,60,0,0,0,0,2,104,51,2.039215686
인수동,3083,3441,5714,79.5,684.846154,24.4,32813,1228,386,244,24,6,132,0,0,0,0,2,99,50,1.98
쌍문2동,1962,2141,3739,77.4,593.5,22.77,20133,1492,410,332,28,16,176,0,0,0,0,2,97,49,1.979591837
쌍문3동,2208,1858,3089,77.4,593.5,22.77,17325,1306,326,280,12,12,119,0,0,0,0,2,100,50,2
쌍문4동,970,1588,4230,77.4,593.5,22.77,19946,861,174,153,10,8,232,0,0,0,0,2,96,51,1.882352941
방학2동,2172,2391,3819,77.4,593.5,22.77,21268,1109,330,227,14,8,98,0,0,0,0,2,100,47,2.127659574
방학3동,1049,2292,6260,77.4,593.5,22.77,28846,1025,232,166,16,10,204,0,0,0,0,0,100,54,1.851851852
창4동,1656,2397,5834,77.4,593.5,22.77,28034,1283,334,209,30,10,172,0,0,0,0,2,104,51,2.039215686
창5동,1585,2347,5239,77.4,593.5,22.77,25866,1419,423,254,44,24,217,0,0,0,0,2,98,47,2.085106383
도봉2동,2054,2928,5441,77.4,593.5,22.77,28789,1179,427,288,16,18,86,0,0,0,0,2,104,49,2.12244898
하계2동,1119,1833,5076,84.7,497.105263,25.89,23492,345,78,67,8,4,74,0,0,0,0,3,114,62,1.838709677
중계4동,1550,1986,4293,84.7,497.105263,25.89,21480,1361,510,217,46,16,160,0,0,0,0,2,97,47,2.063829787
중계2.3동,3180,3980,7402,84.7,497.105263,25.89,37108,2008,617,242,32,12,204,0,0,0,0,0,101,52,1.942307692
녹번동,3580,3398,5243,74.6,517.3125,22.69,38158,1758,650,368,32,10,138,0,0,0,0,3,105,53,1.981132075
응암2동,2038,2282,4185,74.6,517.3125,22.69,23882,383,124,86,4,2,50,0,0,0,0,0,88,57,1.543859649
신사2동,1689,2125,3972,74.6,517.3125,22.69,21998,525,173,122,2,2,77,0,0,0,0,3,105,52,2.019230769
증산동,1479,1923,3583,74.6,517.3125,22.69,16254,791,294,155,24,4,90,0,0,0,0,3,115,54,2.12962963
수색동,1600,1778,2917,74.6,517.3125,22.69,9094,540,188,101,10,6,36,0,0,0,0,3,155,68,2.279411765
응암3동,3538,2889,4320,74.6,517.3125,22.69,26193,2442,950,427,66,8,150,0,0,0,0,3,114,54,2.111111111
천연동,2195,1855,3418,111.2,1672,64.16,18803,1199,405,183,18,14,111,0,0,0,0,3,121,58,2.086206897
홍제3동,1977,1958,3408,111.2,1672,64.16,16534,1137,414,143,30,8,84,0,0,0,0,3,119,63,1.888888889
홍제2동,1165,1486,2768,111.2,1672,64.16,14629,592,208,96,12,6,84,0,0,0,0,3,118,56,2.107142857
북가좌1동,922,1711,3852,111.2,1672,64.16,19188,440,122,122,6,6,50,0,0,0,0,2,91,45,2.022222222
북가좌2동,2911,3421,6200,111.2,1672,64.16,33955,1243,458,269,32,16,124,0,0,0,0,3,105,52,2.019230769
성산1동,2785,2142,3441,119.3,2714.25,119.04,20288,1105,358,220,10,10,105,0,0,0,0,2,93,49,1.897959184
성산2동,3304,3788,7305,119.3,2714.25,119.04,41623,1590,489,300,22,18,218,0,0,0,0,0,97,56,1.732142857
목4동,1793,1916,5475,79.3,722.666667,35.65,27053,1321,403,291,34,14,191,0,0,0,0,2,102,47,2.170212766
신월3동,2668,1829,2691,79.3,722.666667,35.65,16844,615,185,154,10,8,66,0,0,0,0,1,115,49,2.346938776
신월4동,918,1493,3990,79.3,722.666667,35.65,19064,850,256,237,18,2,112,0,0,0,0,2,102,50,2.04
신월5동,1137,1380,3031,79.3,722.666667,35.65,15631,1108,294,219,34,18,104,0,0,0,0,0,102,52,1.961538462
신월6동,878,1091,2140,79.3,722.666667,35.65,6670,361,138,39,18,0,34,0,0,0,0,3,141,63,2.238095238
신월7동,1502,2479,4379,79.3,722.666667,35.65,21803,783,265,161,28,6,98,0,0,0,0,2,102,47,2.170212766
신정2동,962,1314,4421,79.3,722.666667,35.65,20713,1497,356,295,14,18,350,0,0,0,0,2,101,49,2.06122449
신정3동,3883,4326,10558,79.3,722.666667,35.65,48467,1451,410,317,43,14,275,0,0,0,0,0,104,53,1.962264151
신정6동,628,1477,5632,79.3,722.666667,35.65,25291,661,146,98,0,14,203,0,0,0,0,2,85,48,1.770833333
신정7동,2009,2636,6064,79.3,722.666667,35.65,30930,772,228,167,20,12,168,0,0,0,0,2,101,50,2.02
목5동,1065,2202,9596,79.3,722.666667,35.65,42943,1626,342,177,26,22,692,0,0,0,0,2,96,51,1.882352941
신정4동,4502,3705,5986,79.3,722.666667,35.65,35784,3666,973,949,158,30,328,0,0,0,0,2,102,47,2.170212766
화곡3동,1822,2058,4314,86.7,936.8,51.35,22698,1405,398,251,62,12,224,0,0,0,0,2,92,48,1.916666667
화곡4동,2399,2382,4021,86.7,936.8,51.35,22175,1220,394,248,78,12,123,0,0,0,0,2,103,48,2.145833333
화곡8동,2480,2907,4717,86.7,936.8,51.35,26593,993,314,230,34,10,76,0,0,0,0,2,97,48,2.020833333
방화3동,3053,2998,4273,86.7,936.8,51.35,24582,457,165,87,6,8,52,0,0,0,0,3,112,52,2.153846154
우장산동,2273,3241,9398,86.7,936.8,51.35,45305,1414,401,332,38,12,228,0,0,0,0,2,90,48,1.875
고척2동,2600,2585,5655,105.2,1801.53333,74.07,29019,1337,315,297,28,12,204,0,0,0,0,3,109,53,2.056603774
개봉2동,1961,3054,6642,105.2,1801.53333,74.07,33428,1102,312,283,21,12,159,0,0,0,0,3,109,55,1.981818182
개봉3동,1499,2085,4184,105.2,1801.53333,74.07,22176,713,209,180,6,6,74,0,0,0,0,1,123,50,2.46
오류2동,2450,3970,8606,105.2,1801.53333,74.07,51567,2267,597,445,36,18,374,0,0,0,0,2,89,50,1.78
수궁동,1596,2412,4764,105.2,1801.53333,74.07,25000,1001,338,220,33,10,110,0,0,0,0,3,106,54,1.962962963
구로2동,4266,3344,4543,105.2,1801.53333,74.07,35481,3497,1131,775,78,22,146,0,0,0,0,1,115,51,2.254901961
개봉1동,2917,3338,6401,105.2,1801.53333,74.07,34177,1874,554,397,70,10,157,0,0,0,0,3,108,52,2.076923077
시흥2동,1288,1969,4719,128.1,6032.4,165.29,22735,648,126,136,6,8,154,0,0,0,0,2,100,51,1.960784314
시흥3동,905,1234,2277,128.1,6032.4,165.29,11598,1296,282,335,26,12,70,0,0,0,0,3,138,56,2.464285714
시흥4동,2048,2156,4207,128.1,6032.4,165.29,22246,1104,234,248,24,10,164,0,0,0,0,1,113,47,2.404255319
시흥5동,2659,2220,3828,128.1,6032.4,165.29,21031,1467,386,319,58,18,144,0,0,0,0,3,114,52,2.192307692
신길6동,2555,2075,3756,146.1,3815.11111,188.23,19593,835,326,169,24,10,70,0,0,0,0,3,113,52,2.173076923
신길7동,1335,1219,2645,146.1,3815.11111,188.23,17092,465,165,92,16,2,62,0,0,0,0,3,109,52,2.096153846
도림동,3188,2238,3097,146.1,3815.11111,188.23,21778,1012,248,238,34,2,84,0,0,0,0,3,109,53,2.056603774
서원동,5836,2686,3120,78.4,491.333333,28.28,24095,1311,475,208,87,8,110,0,0,0,0,0,104,54,1.925925926
신원동,3605,2214,2699,78.4,491.333333,28.28,19892,908,271,184,30,4,80,0,0,0,0,0,101,52,1.942307692
서림동,7016,2376,3228,78.4,491.333333,28.28,24485,897,266,168,27,14,110,0,0,0,0,0,104,52,2
난향동,1090,1496,3232,78.4,491.333333,28.28,16436,523,111,94,12,6,90,0,0,0,0,2,102,49,2.081632653
조원동,3927,1975,2395,78.4,491.333333,28.28,19671,1792,606,376,73,8,130,0,0,0,0,1,118,47,2.510638298
대학동,8984,1989,2567,78.4,491.333333,28.28,24603,1829,800,203,66,26,384,0,0,0,0,2,94,50,1.88
난곡동,3364,3050,5213,78.4,491.333333,28.28,29173,893,195,204,32,8,117,0,0,0,0,3,114,58,1.965517241
미성동,3342,3137,5934,78.4,491.333333,28.28,32929,1441,371,301,34,16,172,0,0,0,0,3,113,53,2.132075472
반포4동,1079,1590,3807,140.7,3917.94444,193.3,20270,5156,1571,488,56,56,452,0,0,0,0,3,132,63,2.095238095
일원2동,1511,1731,2926,188,5097.18182,307.37,18162,572,171,105,12,6,85,0,0,0,0,3,115,56,2.053571429
세곡동,3573,3183,7666,188,5097.18182,307.37,45109,1366,488,246,14,8,166,0,0,0,0,2,57,44,1.295454545
대치2동,1544,2465,8595,188,5097.18182,307.37,38853,5461,1769,894,150,106,902,0,0,0,0,0,103,51,2.019607843
풍납2동,2360,2263,5072,95.8,1299.40741,96.16,24762,936,298,247,28,6,130,0,0,0,0,3,116,53,2.188679245
거여1동,1140,1197,2825,95.8,1299.40741,96.16,13273,580,197,117,32,6,70,0,0,0,0,2,99,48,2.0625
거여2동,2198,2469,4502,95.8,1299.40741,96.16,17047,521,166,99,30,4,64,0,0,0,0,3,118,56,2.107142857
마천1동,2038,2140,4033,95.8,1299.40741,96.16,20833,617,202,132,24,2,50,0,0,0,0,1,115,51,2.254901961
마천2동,1726,2090,3792,95.8,1299.40741,96.16,20315,883,299,152,22,8,80,0,0,0,0,3,118,53,2.226415094
오금동,2220,3021,6992,95.8,1299.40741,96.16,40959,1582,490,321,44,32,264,0,0,0,0,3,105,51,2.058823529
삼전동,4861,3601,5426,95.8,1299.40741,96.16,32823,1754,556,433,52,14,233,0,0,0,0,2,99,47,2.106382979
가락2동,1805,2389,7005,95.8,1299.40741,96.16,33915,1281,383,269,42,16,180,0,0,0,0,1,107,50,2.14
위례동,426,763,2304,95.8,1299.40741,96.16,28291,749,437,124,0,10,41,0,0,0,0,2,30,27,1.111111111
잠실2동,1136,2016,7843,95.8,1299.40741,96.16,36853,1506,392,275,4,36,202,0,0,0,0,2,76,40,1.9
잠실3동,1010,2569,7588,95.8,1299.40741,96.16,36145,1752,586,213,8,18,124,0,0,0,0,3,112,64,1.75
강일동,1048,2206,6855,83.6,948.388889,46.79,32377,643,197,96,6,14,166,0,0,0,0,2,67,41,1.634146341
상일동,1268,2012,5000,83.6,948.388889,46.79,10943,818,335,124,26,20,88,0,0,0,0,3,113,58,1.948275862
명일2동,550,1098,3834,83.6,948.388889,46.79,18000,1035,275,185,38,12,300,0,0,0,0,3,109,53,2.056603774
고덕1동,878,1061,3270,83.6,948.388889,46.79,27334,638,209,120,8,4,97,0,0,0,0,2,88,51,1.725490196
고덕2동,1254,888,1535,83.6,948.388889,46.79,7419,565,190,100,20,8,60,0,0,0,0,3,142,61,2.327868852
암사2동,1254,1372,3036,83.6,948.388889,46.79,14557,732,215,146,18,10,121,0,0,0,0,2,101,49,2.06122449
암사3동,589,1218,4001,83.6,948.388889,46.79,18821,713,134,165,4,8,138,0,0,0,0,0,98,54,1.814814815
성내3동,2514,2371,4454,83.6,948.388889,46.79,23991,2279,836,468,110,20,214,0,0,0,0,1,108,46,2.347826087
둔촌2동,1957,2317,5565,83.6,948.388889,46.79,27943,2260,582,537,62,60,294,0,0,0,0,2,104,49,2.12244898
암사1동,3966,3543,6577,83.6,948.388889,46.79,36975,2245,701,465,76,12,200,0,0,0,0,2,99,48,2.0625
